{"Loss": 0.24064242072381603, "_runtime": 1434, "_timestamp": 1631773150, "_step": 1223, "Val Loss": 0.22663620114326477, "Acc": 84.75, "Val Acc": 73.0, "gradients/output.bias": {"_type": "histogram", "values": [1.0, 0.0, 0.0, 0.0, 0.0, 0.0, 0.0, 0.0, 0.0, 0.0, 0.0, 0.0, 0.0, 0.0, 0.0, 0.0, 0.0, 0.0, 0.0, 0.0, 0.0, 0.0, 0.0, 0.0, 0.0, 0.0, 0.0, 0.0, 0.0, 0.0, 0.0, 0.0, 0.0, 0.0, 0.0, 0.0, 0.0, 0.0, 0.0, 0.0, 0.0, 0.0, 0.0, 0.0, 0.0, 0.0, 0.0, 0.0, 0.0, 0.0, 0.0, 0.0, 0.0, 0.0, 0.0, 0.0, 0.0, 0.0, 0.0, 0.0, 0.0, 0.0, 0.0, 1.0], "bins": [-0.00791911780834198, -0.0076727792620658875, -0.007426440715789795, -0.007180101703852415, -0.0069337631575763226, -0.00668742461130023, -0.00644108559936285, -0.006194747053086758, -0.005948408506810665, -0.005702069960534573, -0.00545573141425848, -0.0052093924023211, -0.004963053856045008, -0.004716715309768915, -0.004470376297831535, -0.004224037751555443, -0.00397769920527935, -0.0037313606590032578, -0.0034850218798965216, -0.0032386831007897854, -0.002992344554513693, -0.0027460060082376003, -0.002499667229130864, -0.002253328450024128, -0.0020069899037480354, -0.001760651241056621, -0.0015143125783652067, -0.0012679739156737924, -0.001021635252982378, -0.0007752965902909636, -0.0005289579275995493, -0.00028261926490813494, -3.628060221672058e-05, 0.00021005806047469378, 0.00045639672316610813, 0.0007027353858575225, 0.0009490740485489368, 0.0011954127112403512, 0.0014417513739317656, 0.00168809003662318, 0.0019344286993145943, 0.002180767245590687, 0.002427106024697423, 0.002673444803804159, 0.0029197833500802517, 0.0031661218963563442, 0.0034124606754630804, 0.0036587994545698166, 0.003905138000845909, 0.004151476547122002, 0.004397815093398094, 0.004644154105335474, 0.0048904926516115665, 0.005136831197887659, 0.005383170209825039, 0.0056295087561011314, 0.005875847302377224, 0.0061221858486533165, 0.006368524394929409, 0.006614863406866789, 0.006861201953142881, 0.007107540499418974, 0.007353879511356354, 0.007600218057632446, 0.007846556603908539]}, "gradients/output.weight": {"_type": "histogram", "values": [1.0, 1.0, 0.0, 0.0, 1.0, 0.0, 0.0, 0.0, 1.0, 1.0, 0.0, 0.0, 0.0, 2.0, 0.0, 0.0, 0.0, 2.0, 4.0, 2.0, 7.0, 4.0, 6.0, 5.0, 4.0, 5.0, 11.0, 13.0, 12.0, 11.0, 833.0, 14.0, 13.0, 11.0, 11.0, 8.0, 3.0, 3.0, 2.0, 6.0, 3.0, 4.0, 4.0, 4.0, 2.0, 2.0, 1.0, 0.0, 1.0, 1.0, 0.0, 0.0, 0.0, 1.0, 1.0, 0.0, 0.0, 0.0, 1.0, 0.0, 0.0, 0.0, 0.0, 2.0], "bins": [-0.006057406775653362, -0.00585939409211278, -0.00566138094291091, -0.005463368259370327, -0.005265355110168457, -0.005067342426627874, -0.004869329277426004, -0.004671316593885422, -0.004473303444683552, -0.004275290761142969, -0.004077277611941099, -0.003879264695569873, -0.0036812517791986465, -0.003483239095658064, -0.003285225946456194, -0.0030872132629156113, -0.002889200346544385, -0.0026911874301731586, -0.0024931745138019323, -0.002295161597430706, -0.0020971486810594797, -0.0018991358811035752, -0.001701122964732349, -0.0015031100483611226, -0.0013050971319898963, -0.00110708421561867, -0.0009090712992474437, -0.0007110584410838783, -0.000513045524712652, -0.00031503266654908657, -0.00011701975017786026, 8.099316619336605e-05, 0.00027900608256459236, 0.00047701899893581867, 0.000675031915307045, 0.0008730447734706104, 0.0010710577480494976, 0.001269070548005402, 0.0014670834643766284, 0.0016650963807478547, 0.001863109297119081, 0.0020611220970749855, 0.002259135013446212, 0.002457147929817438, 0.0026551608461886644, 0.0028531737625598907, 0.003051186678931117, 0.0032491995953023434, 0.0034472125116735697, 0.003645225428044796, 0.0038432383444160223, 0.004041251260787249, 0.004239263944327831, 0.004437277093529701, 0.004635289777070284, 0.004833302926272154, 0.0050313156098127365, 0.005229328293353319, 0.005427341442555189, 0.005625354126095772, 0.005823367275297642, 0.006021379958838224, 0.006219393108040094, 0.006417405791580677, 0.006615418940782547]}, "gradients/bn.weight": {"_type": "histogram", "values": [1.0, 2.0, 1.0, 1.0, 0.0, 0.0, 1.0, 0.0, 0.0, 0.0, 0.0, 1.0, 0.0, 0.0, 1.0, 1.0, 0.0, 0.0, 5.0, 1.0, 12.0, 14.0, 27.0, 349.0, 53.0, 11.0, 5.0, 7.0, 3.0, 1.0, 6.0, 1.0, 3.0, 1.0, 1.0, 0.0, 0.0, 1.0, 0.0, 0.0, 0.0, 1.0, 0.0, 0.0, 0.0, 0.0, 0.0, 0.0, 0.0, 0.0, 0.0, 0.0, 0.0, 0.0, 0.0, 0.0, 0.0, 0.0, 0.0, 0.0, 0.0, 0.0, 0.0, 1.0], "bins": [-0.001974079292267561, -0.0018907859921455383, -0.0018074926920235157, -0.001724199508316815, -0.0016409062081947923, -0.0015576129080727696, -0.0014743197243660688, -0.0013910264242440462, -0.0013077331241220236, -0.001224439824000001, -0.0011411465238779783, -0.0010578533401712775, -0.0009745600400492549, -0.0008912667399272323, -0.0008079734980128706, -0.0007246802560985088, -0.0006413869559764862, -0.0005580936558544636, -0.00047480041394010186, -0.0003915071429219097, -0.0003082138719037175, -0.00022492060088552535, -0.00014162732986733317, -5.833408795297146e-05, 2.495921216905117e-05, 0.00010825248318724334, 0.00019154575420543551, 0.0002748390252236277, 0.00035813229624181986, 0.00044142556726001203, 0.0005247188382782042, 0.0006080120801925659, 0.0006913053803145885, 0.0007745986804366112, 0.0008578919223509729, 0.0009411851642653346, 0.0010244784643873572, 0.0011077717645093799, 0.0011910649482160807, 0.0012743582483381033, 0.001357651548460126, 0.0014409448485821486, 0.0015242381487041712, 0.001607531332410872, 0.0016908246325328946, 0.0017741179326549172, 0.001857411116361618, 0.0019407044164836407, 0.0020239977166056633, 0.002107291016727686, 0.0021905843168497086, 0.002273877616971731, 0.002357170917093754, 0.002440463984385133, 0.0025237572845071554, 0.002607050584629178, 0.0026903438847512007, 0.0027736371848732233, 0.002856930484995246, 0.0029402237851172686, 0.0030235168524086475, 0.00310681015253067, 0.003190103452652693, 0.0032733967527747154, 0.003356690052896738]}, "gradients/bn.bias": {"_type": "histogram", "values": [2.0, 1.0, 1.0, 0.0, 1.0, 2.0, 1.0, 0.0, 2.0, 4.0, 1.0, 4.0, 0.0, 3.0, 18.0, 15.0, 61.0, 339.0, 11.0, 6.0, 6.0, 5.0, 6.0, 2.0, 3.0, 2.0, 1.0, 3.0, 1.0, 2.0, 1.0, 1.0, 0.0, 1.0, 1.0, 1.0, 0.0, 0.0, 0.0, 0.0, 0.0, 0.0, 0.0, 1.0, 0.0, 0.0, 0.0, 0.0, 0.0, 0.0, 0.0, 0.0, 0.0, 0.0, 0.0, 1.0, 0.0, 0.0, 1.0, 0.0, 0.0, 0.0, 0.0, 1.0], "bins": [-0.0008427180000580847, -0.0007935620378702879, -0.000744406133890152, -0.0006952502299100161, -0.0006460942677222192, -0.0005969383055344224, -0.0005477824015542865, -0.0004986264975741506, -0.00044947053538635373, -0.00040031460230238736, -0.000351158669218421, -0.0003020027361344546, -0.00025284680305048823, -0.00020369086996652186, -0.00015453493688255548, -0.00010537900379858911, -5.6223070714622736e-05, -7.067137630656362e-06, 4.208879545331001e-05, 9.124472853727639e-05, 0.00014040066162124276, 0.00018955659470520914, 0.0002387125277891755, 0.0002878684608731419, 0.00033702439395710826, 0.00038618032704107463, 0.000435336260125041, 0.0004844921932090074, 0.0005336481262929738, 0.0005828040884807706, 0.0006319599924609065, 0.0006811158964410424, 0.0007302719168365002, 0.0007794278208166361, 0.0008285837830044329, 0.0008777397451922297, 0.0009268956491723657, 0.0009760515531525016, 0.0010252075735479593, 0.0010743634775280952, 0.0011235193815082312, 0.001172675285488367, 0.001221831189468503, 0.0012709872098639607, 0.0013201431138440967, 0.0013692990178242326, 0.0014184550382196903, 0.0014676109421998262, 0.0015167668461799622, 0.001565922750160098, 0.001615078654140234, 0.0016642346745356917, 0.0017133905785158277, 0.0017625464824959636, 0.0018117025028914213, 0.0018608584068715572, 0.0019100143108516932, 0.001959170214831829, 0.002008326118811965, 0.002057482022792101, 0.0021066381596028805, 0.0021557940635830164, 0.0022049499675631523, 0.0022541058715432882, 0.002303261775523424]}, "gradients/linear2.bias": {"_type": "histogram",