{"Loss": 0.027679243648890406, "_runtime": 143, "_timestamp": 1631773494, "_step": 399, "Val Loss": 0.15005062520503998, "Acc": 98.85, "Val Acc": 82.69999999999999, "gradients/output.bias": {"_type": "histogram", "values": [1.0, 0.0, 0.0, 0.0, 0.0, 0.0, 0.0, 0.0, 0.0, 0.0, 0.0, 0.0, 0.0, 0.0, 0.0, 0.0, 0.0, 0.0, 0.0, 0.0, 0.0, 0.0, 0.0, 0.0, 0.0, 0.0, 0.0, 0.0, 0.0, 0.0, 0.0, 0.0, 0.0, 0.0, 0.0, 0.0, 0.0, 0.0, 0.0, 0.0, 0.0, 0.0, 0.0, 0.0, 0.0, 0.0, 0.0, 0.0, 0.0, 0.0, 0.0, 0.0, 0.0, 0.0, 0.0, 0.0, 0.0, 0.0, 0.0, 0.0, 0.0, 0.0, 0.0, 1.0], "bins": [-0.0027259397320449352, -0.0025457199662923813, -0.0023655002005398273, -0.0021852804347872734, -0.0020050606690347195, -0.0018248410196974874, -0.0016446213703602552, -0.0014644016046077013, -0.0012841818388551474, -0.0011039620731025934, -0.0009237423655577004, -0.0007435226580128074, -0.0005633028922602534, -0.0003830831265076995, -0.00020286347717046738, -2.2643711417913437e-05, 0.0001575760543346405, 0.000337795790983364, 0.0005180155276320875, 0.0006982352351769805, 0.0008784550009295344, 0.0010586747666820884, 0.0012388944160193205, 0.0014191141817718744, 0.0015993339475244284, 0.0017795537132769823, 0.0019597734790295362, 0.0021399930119514465, 0.0023202127777040005, 0.0025004325434565544, 0.0026806523092091084, 0.0028608720749616623, 0.003041091375052929, 0.003221311140805483, 0.003401530906558037, 0.0035817506723105907, 0.0037619704380631447, 0.003942190203815699, 0.0041224099695682526, 0.004302629269659519, 0.0044828495010733604, 0.004663069266825914, 0.004843289032578468, 0.005023508798331022, 0.005203728564083576, 0.00538394832983613, 0.005564168095588684, 0.005744387395679951, 0.005924607161432505, 0.006104826927185059, 0.0062850466929376125, 0.0064652664586901665, 0.00664548622444272, 0.006825705990195274, 0.007005925290286541, 0.007186145521700382, 0.007366364821791649, 0.007546584587544203, 0.007726804353296757, 0.007907023653388023, 0.008087243884801865, 0.008267463184893131, 0.008447683416306973, 0.00862790271639824, 0.00880812294781208]}, "gradients/output.weight": {"_type": "histogram", "values": [1.0, 2.0, 2.0, 2.0, 4.0, 0.0, 2.0, 10.0, 9.0, 11.0, 6.0, 17.0, 16.0, 25.0, 22.0, 29.0, 26.0, 48.0, 52.0, 49.0, 78.0, 103.0, 62.0, 57.0, 46.0, 44.0, 41.0, 37.0, 24.0, 30.0, 17.0, 5.0, 13.0, 12.0, 9.0, 10.0, 14.0, 5.0, 7.0, 8.0, 6.0, 7.0, 4.0, 6.0, 5.0, 4.0, 1.0, 4.0, 1.0, 5.0, 5.0, 2.0, 3.0, 1.0, 2.0, 5.0, 0.0, 4.0, 0.0, 0.0, 1.0, 1.0, 0.0, 2.0], "bins": [-0.002837453270331025, -0.002703131642192602, -0.002568810014054179, -0.0024344883859157562, -0.0023001667577773333, -0.0021658451296389103, -0.0020315235015004873, -0.0018972018733620644, -0.0017628802452236414, -0.0016285586170852184, -0.0014942369889467955, -0.0013599153608083725, -0.0012255937326699495, -0.0010912721045315266, -0.0009569504763931036, -0.0008226288482546806, -0.0006883072201162577, -0.0005539855919778347, -0.00041966396383941174, -0.00028534233570098877, -0.0001510207075625658, -1.6699079424142838e-05, 0.00011762254871428013, 0.0002519441768527031, 0.00038626580499112606, 0.000520587433129549, 0.000654909061267972, 0.000789230689406395, 0.0009235523175448179, 0.0010578739456832409, 0.0011921955738216639, 0.0013265172019600868, 0.0014608385972678661, 0.001595160225406289, 0.001729481853544712, 0.001863803481683135, 0.001998125109821558, 0.002132446737959981, 0.002266768366098404, 0.002401089994236827, 0.00253541162237525, 0.002669733250513673, 0.002804054878652096, 0.0029383765067905188, 0.0030726981349289417, 0.0032070197630673647, 0.0033413413912057877, 0.0034756630193442106, 0.0036099846474826336, 0.0037443062756210566, 0.0038786279037594795, 0.004012949764728546, 0.0041472711600363255, 0.004281592555344105, 0.004415914416313171, 0.004550236277282238, 0.004684557672590017, 0.004818879067897797, 0.004953200928866863, 0.00508752278983593, 0.005221844185143709, 0.0053561655804514885, 0.005490487441420555, 0.005624809302389622, 0.005759130697697401]}, "gradients/bn.weight": {"_type": "histogram", "values": [1.0, 0.0, 0.0, 0.0, 1.0, 2.0, 0.0, 0.0, 1.0, 2.0, 1.0, 0.0, 1.0, 0.0, 1.0, 1.0, 2.0, 1.0, 0.0, 2.0, 2.0, 2.0, 3.0, 5.0, 5.0, 6.0, 13.0, 25.0, 60.0, 69.0, 78.0, 69.0, 43.0, 34.0, 13.0, 14.0, 9.0, 8.0, 9.0, 3.0, 1.0, 2.0, 2.0, 5.0, 3.0, 1.0, 2.0, 3.0, 0.0, 0.0, 0.0, 1.0, 1.0, 1.0, 0.0, 1.0, 0.0, 1.0, 0.0, 0.0, 0.0, 0.0, 0.0, 2.0], "bins": [-0.0004279880959074944, -0.0004138621734455228, -0.0003997362800873816, -0.00038561035762540996, -0.0003714844351634383, -0.00035735854180529714, -0.0003432326193433255, -0.00032910669688135386, -0.00031498080352321267, -0.00030085488106124103, -0.00028672898770309985, -0.0002726030652411282, -0.00025847714277915657, -0.0002443512203171849, -0.00023022532695904374, -0.0002160994044970721, -0.00020197348203510046, -0.00018784757412504405, -0.0001737216516630724, -0.000159595743753016, -0.00014546982129104435, -0.00013134391338098794, -0.00011721800547093153, -0.0001030920902849175, -8.896617509890348e-05, -7.484025991288945e-05, -6.071434836485423e-05, -4.658843681681901e-05, -3.2462521630804986e-05, -1.833660644479096e-05, -4.210698534734547e-06, 9.91521665127948e-06, 2.4041160941123962e-05, 3.816707612713799e-05, 5.229298767517321e-05, 6.641889922320843e-05, 8.054481440922245e-05, 9.467072959523648e-05, 0.00010879663750529289, 0.00012292255996726453, 0.00013704846787732095, 0.00015117437578737736, 0.000165300298249349, 0.0001794262061594054, 0.00019355211406946182, 0.00020767803653143346, 0.00022180394444148988, 0.0002359298523515463, 0.00025005577481351793, 0.00026418169727548957, 0.00027830759063363075, 0.0002924335130956024, 0.00030655943555757403, 0.0003206853289157152, 0.00033481125137768686, 0.0003489371738396585, 0.0003630630671977997, 0.0003771889896597713, 0.0003913148830179125, 0.00040544080547988415, 0.0004195667279418558, 0.00043369265040382743, 0.0004478185437619686, 0.00046194446622394025, 0.0004760703886859119]}, "gradients/bn.bias": {"_type": "histogram", "values": [1.0, 0.0, 0.0, 0.0, 1.0, 0.0, 0.0, 0.0, 0.0, 0.0, 0.0, 1.0, 2.0, 0.0, 1.0, 1.0, 2.0, 1.0, 3.0, 2.0, 5.0, 5.0, 13.0, 20.0, 28.0, 61.0, 98.0, 98.0, 58.0, 40.0, 19.0, 11.0, 9.0, 3.0, 4.0, 3.0, 1.0, 1.0, 2.0, 4.0, 2.0, 3.0, 1.0, 1.0, 0.0, 0.0, 2.0, 0.0, 0.0, 0.0, 0.0, 0.0, 1.0, 0.0, 0.0, 1.0, 0.0, 0.0, 0.0, 1.0, 0.0, 1.0, 0.0, 1.0], "bins": [-0.0005944969598203897, -0.0005721755442209542, -0.0005498541286215186, -0.000527532713022083, -0.0005052112974226475, -0.0004828898818232119, -0.0004605684953276068, -0.00043824707972817123, -0.00041592566412873566, -0.0003936042485293001, -0.0003712828329298645, -0.0003489614464342594, -0.00032664003083482385, -0.0003043186152353883, -0.0002819971996359527, -0.00025967578403651714, -0.00023735436843708158, -0.000215032952837646, -0.00019271153723821044, -0.0001703901361906901, -0.00014806872059125453, -0.00012574730499181896, -0.00010342590394429862, -8.110448834486306e-05, -5.878307274542749e-05, -3.646166078397073e-05, -1.4140248822513968e-05, 8.181159500963986e-06, 3.0502575100399554e-05, 5.282399069983512e-05, 7.514539174735546e-05, 9.746680734679103e-05, 0.00011978828115388751, 0.00014210969675332308, 0.00016443111235275865, 0.00018675251340027899, 0.00020907392899971455, 0.00023139534459915012, 0.00025371674564667046, 0.00027603816124610603, 0.0002983595768455416, 0.00032068099244497716, 0.00034300240804441273, 0.00036532379454001784, 0.0003876452101394534, 0.000409966625738889, 0.00043228804133832455, 0.0004546094569377601, 0.0004769308725371957, 0.0004992522881366313, 0.0005215737037360668, 0.0005438951193355024, 0.000566216534934938, 0.0005885379505343735, 0.0006108593661338091, 0.0006331807235255837, 0.0006555021973326802, 0.0006778236129321158, 0.0007001450285315514, 0.0007224664441309869, 0.0007447878597304225, 0.0007671092753298581, 0.0007894306909292936, 0.0008117520483210683, 0.0008340734639205039]}, "gradients/linear2.bias": {"_type": "histogram",