{"Loss": 0.16500919684767723, "_runtime": 16, "_timestamp": 1631771514, "_step": 7, "Val Loss": 0.18175187706947327, "Acc": 95.80000000000001, "Val Acc": 82.1, "gradients/graph_1output.bias": {"_type": "histogram", "values": [1.0, 0.0, 0.0, 0.0, 0.0, 0.0, 0.0, 0.0, 0.0, 0.0, 0.0, 0.0, 0.0, 0.0, 0.0, 0.0, 0.0, 0.0, 0.0, 0.0, 0.0, 0.0, 0.0, 0.0, 0.0, 0.0, 0.0, 0.0, 0.0, 0.0, 0.0, 0.0, 0.0, 0.0, 0.0, 0.0, 0.0, 0.0, 0.0, 0.0, 0.0, 0.0, 0.0, 0.0, 0.0, 0.0, 0.0, 0.0, 0.0, 0.0, 0.0, 0.0, 0.0, 0.0, 0.0, 0.0, 0.0, 0.0, 0.0, 0.0, 0.0, 0.0, 0.0, 1.0], "bins": [-0.03245384991168976, -0.031509753316640854, -0.030565660446882248, -0.029621563851833344, -0.02867746911942959, -0.027733374387025833, -0.026789279654622078, -0.025845184922218323, -0.02490108832716942, -0.023956993594765663, -0.023012898862361908, -0.022068802267313004, -0.02112470753490925, -0.020180612802505493, -0.019236518070101738, -0.018292423337697983, -0.01734832674264908, -0.016404232010245323, -0.015460136346518993, -0.014516041614115238, -0.013571945950388908, -0.012627851217985153, -0.011683756485581398, -0.010739660821855068, -0.009795567020773888, -0.008851472288370132, -0.007907376624643803, -0.0069632818922400475, -0.006019186228513718, -0.0050750914961099625, -0.00413099629804492, -0.0031869010999798775, -0.0022428054362535477, -0.0012987102381885052, -0.0003546151565387845, 0.0005894799251109362, 0.0015335751231759787, 0.0024776700884103775, 0.00342176528647542, 0.0043658604845404625, 0.005309955682605505, 0.0062540508806705475, 0.00719814607873559, 0.008142241276800632, 0.009086336009204388, 0.010030431672930717, 0.010974526405334473, 0.011918621137738228, 0.012862716801464558, 0.013806811533868313, 0.014750907197594643, 0.015695001929998398, 0.016639096662402153, 0.017583191394805908, 0.018527287989854813, 0.019471382722258568, 0.020415477454662323, 0.021359572187066078, 0.022303666919469833, 0.023247763514518738, 0.024191858246922493, 0.025135952979326248, 0.026080047711730003, 0.02702414244413376, 0.027968239039182663]}, "gradients/graph_1output.weight": {"_type": "histogram", "values": [3.0, 7.0, 6.0, 9.0, 7.0, 11.0, 9.0, 7.0, 11.0, 5.0, 10.0, 8.0, 4.0, 7.0, 5.0, 4.0, 6.0, 18.0, 5.0, 8.0, 10.0, 15.0, 17.0, 27.0, 33.0, 44.0, 41.0, 30.0, 23.0, 30.0, 32.0, 37.0, 35.0, 36.0, 32.0, 51.0, 46.0, 39.0, 36.0, 34.0, 27.0, 13.0, 22.0, 4.0, 6.0, 6.0, 7.0, 14.0, 10.0, 4.0, 9.0, 6.0, 4.0, 7.0, 8.0, 9.0, 7.0, 13.0, 11.0, 7.0, 9.0, 9.0, 11.0, 3.0], "bins": [-0.23135888576507568, -0.22421753406524658, -0.21707619726657867, -0.20993484556674957, -0.20279349386692047, -0.19565215706825256, -0.18851080536842346, -0.18136945366859436, -0.17422810196876526, -0.16708675026893616, -0.15994541347026825, -0.15280406177043915, -0.14566271007061005, -0.13852137327194214, -0.13138002157211304, -0.12423866987228394, -0.11709733307361603, -0.10995598882436752, -0.10281463712453842, -0.09567329287528992, -0.08853194117546082, -0.08139059692621231, -0.0742492526769638, -0.0671079009771347, -0.0599665567278862, -0.0528252087533474, -0.045683860778808594, -0.03854251652956009, -0.031401168555021286, -0.024259820580482483, -0.01711847633123398, -0.009977128356695175, -0.002835780382156372, 0.004305566661059856, 0.011446913704276085, 0.01858825981616974, 0.025729607790708542, 0.032870955765247345, 0.04001230001449585, 0.04715364798903465, 0.054294995963573456, 0.06143634393811226, 0.06857769191265106, 0.07571903616189957, 0.08286038041114807, 0.09000173211097717, 0.09714307636022568, 0.10428442060947418, 0.11142577230930328, 0.11856711655855179, 0.1257084608078003, 0.1328498125076294, 0.1399911642074585, 0.1471325159072876, 0.1542738527059555, 0.1614152044057846, 0.16855654120445251, 0.17569789290428162, 0.18283922970294952, 0.18998058140277863, 0.19712193310260773, 0.20426326990127563, 0.21140462160110474, 0.21854597330093384, 0.22568732500076294]}, "gradients/graph_1bn.weight": {"_type": "histogram", "values": [1.0, 0.0, 0.0, 0.0, 0.0, 0.0, 0.0, 0.0, 0.0, 0.0, 0.0, 0.0, 0.0, 1.0, 0.0, 0.0, 1.0, 2.0, 1.0, 5.0, 1.0, 7.0, 11.0, 12.0, 22.0, 47.0, 43.0, 53.0, 78.0, 59.0, 42.0, 37.0, 22.0, 14.0, 6.0, 8.0, 5.0, 3.0, 2.0, 11.0, 3.0, 0.0, 2.0, 0.0, 0.0, 1.0, 0.0, 2.0, 1.0, 4.0, 0.0, 1.0, 0.0, 1.0, 0.0, 1.0, 0.0, 0.0, 0.0, 1.0, 0.0, 0.0, 0.0, 1.0], "bins": [-0.015711862593889236, -0.015173766762018204, -0.014635670930147171, -0.014097576029598713, -0.01355948019772768, -0.013021384365856647, -0.01248328946530819, -0.011945193633437157, -0.011407097801566124, -0.010869001969695091, -0.010330906137824059, -0.0097928112372756, -0.009254715405404568, -0.008716619573533535, -0.008178524672985077, -0.007640428841114044, -0.0071023330092430115, -0.006564237177371979, -0.006026141811162233, -0.005488046444952488, -0.004949950613081455, -0.0044118547812104225, -0.003873759415000677, -0.003335663815960288, -0.002797568216919899, -0.00225947261787951, -0.0017213770188391209, -0.0011832814197987318, -0.0006451858207583427, -0.00010709022171795368, 0.0004310053773224354, 0.0009691009763628244, 0.0015071947127580643, 0.0020452903117984533, 0.0025833859108388424, 0.0031214815098792315, 0.0036595771089196205, 0.004197672940790653, 0.004735768307000399, 0.005273863673210144, 0.005811959505081177, 0.0063500553369522095, 0.006888150703161955, 0.0074262460693717, 0.007964341901242733, 0.008502437733113766, 0.009040532633662224, 0.009578628465533257, 0.01011672429740429, 0.010654820129275322, 0.011192915961146355, 0.011731010861694813, 0.012269106693565845, 0.012807202525436878, 0.013345297425985336, 0.013883393257856369, 0.014421489089727402, 0.014959584921598434, 0.015497680753469467, 0.0160357765853405, 0.016573872417211533, 0.017111966386437416, 0.01765006221830845, 0.01818815805017948, 0.018726253882050514]}, "gradients/graph_1bn.bias": {"_type": "histogram", "values": [1.0, 0.0, 0.0, 0.0, 0.0, 0.0, 0.0, 0.0, 0.0, 0.0, 1.0, 0.0, 0.0, 2.0, 1.0, 0.0, 1.0, 4.0, 6.0, 5.0, 5.0, 5.0, 9.0, 7.0, 17.0, 19.0, 24.0, 16.0, 22.0, 30.0, 30.0, 24.0, 36.0, 36.0, 30.0, 27.0, 19.0, 22.0, 28.0, 12.0, 15.0, 8.0, 12.0, 8.0, 7.0, 4.0, 3.0, 4.0, 1.0, 0.0, 2.0, 5.0, 0.0, 1.0, 0.0, 0.0, 1.0, 0.0, 1.0, 0.0, 0.0, 0.0, 0.0, 1.0], "bins": [-0.007694367319345474, -0.007465640548616648, -0.007236913777887821, -0.007008187007158995, -0.006779460236430168, -0.006550733465701342, -0.006322006694972515, -0.006093279924243689, -0.005864553153514862, -0.0056358263827860355, -0.005407099612057209, -0.0051783728413283825, -0.004949646070599556, -0.0047209192998707294, -0.004492192529141903, -0.004263465758413076, -0.00403473898768425, -0.0038060122169554234, -0.003577285446226597, -0.0033485586754977703, -0.003119831904768944, -0.0028911051340401173, -0.0026623783633112907, -0.0024336515925824642, -0.002204925287514925, -0.0019761985167860985, -0.001747471746057272, -0.0015187449753284454, -0.001290018204599619, -0.0010612915502861142, -0.0008325647795572877, -0.0006038380088284612, -0.0003751111216843128, -0.00014638436550740153, 8.234239066950977e-05, 0.00031106913229450583, 0.0005397959030233324, 0.000768522615544498, 0.0009972493862733245, 0.001225976157002151, 0.0014547029277309775, 0.001683429698459804, 0.0019121564691886306, 0.0021408831235021353, 0.002369609894230962, 0.0025983366649597883, 0.002827063435688615, 0.0030557902064174414, 0.003284516977146268, 0.0035132437478750944, 0.003741970518603921, 0.003970697056502104, 0.00419942382723093, 0.004428150597959757, 0.004656877368688583, 0.00488560413941741, 0.005114330910146236, 0.005343057680875063, 0.0055717844516038895, 0.005800511222332716, 0.0060292379930615425, 0.006257964763790369, 0.0064866915345191956, 0.006715418305248022, 0.006944145075976849]}, "gradients/graph_1linear2.bias": {"_type": "histogram",