{"Loss": 0.021181601216085255, "_runtime": 141, "_timestamp": 1631773980, "_step": 399, "Val Loss": 0.1427556872367859, "Acc": 99.3, "Val Acc": 83.0, "gradients/output.bias": {"_type": "histogram", "values": [1.0, 0.0, 0.0, 0.0, 0.0, 0.0, 0.0, 0.0, 0.0, 0.0, 0.0, 0.0, 0.0, 0.0, 0.0, 0.0, 0.0, 0.0, 0.0, 0.0, 0.0, 0.0, 0.0, 0.0, 0.0, 0.0, 0.0, 0.0, 0.0, 0.0, 0.0, 0.0, 0.0, 0.0, 0.0, 0.0, 0.0, 0.0, 0.0, 0.0, 0.0, 0.0, 0.0, 0.0, 0.0, 0.0, 0.0, 0.0, 0.0, 0.0, 0.0, 0.0, 0.0, 0.0, 0.0, 0.0, 0.0, 0.0, 0.0, 0.0, 0.0, 0.0, 0.0, 1.0], "bins": [-0.0007368410006165504, -0.0007132129976525903, -0.0006895849364809692, -0.000665956933517009, -0.0006423288723453879, -0.0006187008693814278, -0.0005950728664174676, -0.0005714448052458465, -0.0005478167440742254, -0.0005241887411102653, -0.0005005606799386442, -0.000476932676974684, -0.0004533046158030629, -0.00042967661283910275, -0.0004060485807713121, -0.0003824205487035215, -0.0003587925457395613, -0.0003351645136717707, -0.00031153648160398006, -0.0002879084786400199, -0.0002642804174683988, -0.0002406523999525234, -0.000217024382436648, -0.00019339635036885738, -0.00016976831830106676, -0.00014614028623327613, -0.0001225122541654855, -9.88842366496101e-05, -7.525620458181947e-05, -5.162817251402885e-05, -2.8000154998153448e-05, -4.372122930362821e-06, 1.9255909137427807e-05, 4.288393756723963e-05, 6.651196599705145e-05, 9.013999078888446e-05, 0.00011376802285667509, 0.00013739605492446572, 0.00016102407244034111, 0.00018465210450813174, 0.00020828013657592237, 0.000231908168643713, 0.0002555362007115036, 0.00027916423277929425, 0.0003027922357432544, 0.0003264202969148755, 0.0003500482998788357, 0.0003736763319466263, 0.00039730436401441693, 0.00042093239608220756, 0.0004445604281499982, 0.00046818843111395836, 0.0004918164922855794, 0.0005154444952495396, 0.0005390725564211607, 0.0005627005593851209, 0.000586328562349081, 0.0006099565653130412, 0.0006335846264846623, 0.0006572126294486225, 0.0006808406906202435, 0.0007044686935842037, 0.0007280966965481639, 0.000751724757719785, 0.0007753528188914061]}, "gradients/output.weight": {"_type": "histogram", "values": [3.0, 2.0, 2.0, 4.0, 4.0, 3.0, 2.0, 1.0, 5.0, 3.0, 2.0, 4.0, 4.0, 2.0, 1.0, 3.0, 2.0, 3.0, 1.0, 3.0, 1.0, 2.0, 3.0, 3.0, 7.0, 2.0, 4.0, 3.0, 7.0, 6.0, 5.0, 12.0, 13.0, 13.0, 12.0, 19.0, 17.0, 23.0, 19.0, 24.0, 61.0, 81.0, 277.0, 95.0, 55.0, 29.0, 25.0, 29.0, 16.0, 19.0, 11.0, 13.0, 8.0, 13.0, 6.0, 4.0, 6.0, 8.0, 1.0, 9.0, 4.0, 2.0, 1.0, 2.0], "bins": [-0.004585897549986839, -0.00447760708630085, -0.0043693166226148605, -0.0042610266245901585, -0.004152736160904169, -0.00404444569721818, -0.00393615523353219, -0.0038278650026768446, -0.0037195745389908552, -0.003611284075304866, -0.00350299384444952, -0.0033947033807635307, -0.003286413149908185, -0.0031781226862221956, -0.00306983245536685, -0.0029615419916808605, -0.002853251527994871, -0.0027449610643088818, -0.002636670833453536, -0.0025283803697675467, -0.002420090138912201, -0.0023117996752262115, -0.002203509211540222, -0.0020952189806848764, -0.0019869287498295307, -0.0018786384025588632, -0.0017703480552881956, -0.0016620575916022062, -0.0015537672443315387, -0.0014454768970608711, -0.0013371865497902036, -0.001228896202519536, -0.0011206057388335466, -0.001012315391562879, -0.0009040249860845506, -0.0007957346388138831, -0.0006874442333355546, -0.000579153886064887, -0.0004708635387942195, -0.00036257313331589103, -0.0002542827860452235, -0.00014599240967072546, -3.7702047848142684e-05, 7.05883139744401e-05, 0.0001788786903489381, 0.0002871690667234361, 0.00039545941399410367, 0.0005037498194724321, 0.0006120401667430997, 0.0007203305140137672, 0.0008286209194920957, 0.0009369112667627633, 0.0010452016722410917, 0.0011534920195117593, 0.0012617823667824268, 0.0013700728304684162, 0.001478363061323762, 0.0015866534085944295, 0.001694943755865097, 0.0018032342195510864, 0.001911524566821754, 0.0020198149140924215, 0.0021281051449477673, 0.0022363956086337566, 0.002344686072319746]}, "gradients/bn.weight": {"_type": "histogram", "values": [1.0, 0.0, 0.0, 0.0, 0.0, 0.0, 0.0, 0.0, 0.0, 0.0, 0.0, 0.0, 1.0, 1.0, 0.0, 2.0, 2.0, 0.0, 0.0, 0.0, 1.0, 2.0, 4.0, 2.0, 4.0, 2.0, 6.0, 10.0, 6.0, 10.0, 12.0, 12.0, 12.0, 34.0, 28.0, 70.0, 91.0, 52.0, 36.0, 26.0, 18.0, 20.0, 9.0, 6.0, 4.0, 5.0, 3.0, 3.0, 3.0, 1.0, 2.0, 1.0, 0.0, 1.0, 1.0, 1.0, 2.0, 0.0, 2.0, 0.0, 0.0, 1.0, 0.0, 2.0], "bins": [-0.0001698393316473812, -0.00016515146126039326, -0.00016046360542532057, -0.00015577573503833264, -0.00015108787920325994, -0.00014640000881627202, -0.00014171215298119932, -0.0001370242825942114, -0.0001323364267591387, -0.00012764855637215078, -0.00012296070053707808, -0.00011827283742604777, -0.00011358497431501746, -0.00010889710392802954, -0.00010420924081699923, -9.952137770596892e-05, -9.483350731898099e-05, -9.014564420795068e-05, -8.545778109692037e-05, -8.076991798589006e-05, -7.608205487485975e-05, -7.139418448787183e-05, -6.670632137684152e-05, -6.20184582658112e-05, -5.7330595154780895e-05, -5.2642732043750584e-05, -4.7954868932720274e-05, -4.3267002183711156e-05, -3.8579139072680846e-05, -3.3891275961650535e-05, -2.920341103163082e-05, -2.4515546101611108e-05, -1.9827697542496026e-05, -1.5139833521971013e-05, -1.0451969501446001e-05, -5.764105480920989e-06, -1.076241460395977e-06, 3.6116216506343335e-06, 8.299486580654047e-06, 1.2987351510673761e-05, 1.7675214621704072e-05, 2.2363077732734382e-05, 2.7050942662754096e-05, 3.173880759277381e-05, 3.642667070380412e-05, 4.111453381483443e-05, 4.580240056384355e-05, 5.049026367487386e-05, 5.517812678590417e-05, 5.986598989693448e-05, 6.455385300796479e-05, 6.92417161189951e-05, 7.392957923002541e-05, 7.861744961701334e-05, 8.330531272804365e-05, 8.799317583907396e-05, 9.268103895010427e-05, 9.736890206113458e-05, 0.00010205676517216489, 0.0001067446282831952, 0.00011143249867018312, 0.00011612035450525582, 0.00012080822489224374, 0.00012549609527923167, 0.00013018395111430436]}, "gradients/bn.bias": {"_type": "histogram", "values": [1.0, 0.0, 0.0, 0.0, 0.0, 0.0, 0.0, 0.0, 0.0, 0.0, 1.0, 0.0, 0.0, 0.0, 0.0, 0.0, 0.0, 0.0, 0.0, 0.0, 0.0, 1.0, 1.0, 0.0, 1.0, 0.0, 0.0, 1.0, 2.0, 1.0, 1.0, 3.0, 5.0, 1.0, 2.0, 4.0, 9.0, 5.0, 7.0, 16.0, 11.0, 22.0, 24.0, 30.0, 37.0, 55.0, 73.0, 52.0, 35.0, 24.0, 22.0, 16.0, 10.0, 12.0, 7.0, 6.0, 5.0, 1.0, 2.0, 1.0, 1.0, 1.0, 1.0, 2.0], "bins": [-0.00021106713393237442, -0.00020650052465498447, -0.00020193391537759453, -0.00019736729154828936, -0.00019280068227089942, -0.00018823407299350947, -0.00018366746371611953, -0.00017910085443872958, -0.00017453424516133964, -0.0001699676358839497, -0.00016540102660655975, -0.00016083440277725458, -0.00015626779349986464, -0.0001517011842224747, -0.00014713457494508475, -0.0001425679656676948, -0.00013800134183838964, -0.0001334347325609997, -0.00012886812328360975, -0.00012430149945430458, -0.00011973489017691463, -0.00011516828089952469, -0.00011060167162213475, -0.0001060350623447448, -0.00010146844579139724, -9.69018365140073e-05, -9.233521996065974e-05, -8.77686106832698e-05, -8.320200140587986e-05, -7.86353848525323e-05, -7.406877557514235e-05, -6.95021590217948e-05, -6.493553519248962e-05, -6.036892227712087e-05, -5.580230936175212e-05, -5.123570008436218e-05, -4.666908716899343e-05, -4.210247425362468e-05, -3.7535864976234734e-05, -3.296925206086598e-05, -2.8402639145497233e-05, -2.3836026230128482e-05, -1.9269415133749135e-05, -1.4702803127875086e-05, -1.0136191122001037e-05, -5.569578206632286e-06, -1.0029671102529392e-06, 3.563643986126408e-06, 8.130256901495159e-06, 1.2696868907369208e-05, 1.7263480913243257e-05, 2.1830092009622604e-05, 2.6396704924991354e-05, 3.0963317840360105e-05, 3.552992711775005e-05, 4.00965400331188e-05, 4.466315294848755e-05, 4.92297658638563e-05, 5.379637877922505e-05, 5.8362988056614995e-05, 6.292959733400494e-05, 6.74962138873525e-05, 7.206282316474244e-05, 7.662943971809e-05, 8.119604899547994e-05]}, "gradients/linear2.bias": {"_type": "histogram",