{"Loss": 0.27422069013118744, "_runtime": 15, "_timestamp": 1631771446, "_step": 1, "Val Loss": 0.20386262238025665, "_wandb": {"runtime": 11}}